City ID,City,Lat,Lng,Max Temp,Humidity,Cloudiness,Wind Speed,Country,Date
0,Ushuaia,-54.8,-68.3,44.6,70,40,34.52,AR,1618590338
1,Nioro,13.35,-15.75,104.59,10,50,6.73,GM,1618590608
2,Albany,42.6001,-73.9662,42.01,76,100,1.01,US,1618590331
3,Kirovskiy,45.0917,133.5136,42.64,88,93,5.91,RU,1618590609
4,Leeuwarden,53.2014,5.8086,50.0,61,7,13.8,NL,1618590609
5,Tuatapere,-46.1333,167.6833,42.01,94,71,3.0,NZ,1618590609
6,Río Gallegos,-51.6226,-69.2181,51.8,30,0,36.82,AR,1618590610
7,Yangi Marg`ilon,40.4272,71.7189,64.4,45,6,2.3,UZ,1618590610
8,Marsberg,51.4617,8.8495,50.0,43,0,8.05,DE,1618590610
9,Launceston,-41.45,147.1667,39.99,93,2,8.05,AU,1618590611
10,Rikitea,-23.1203,-134.9692,77.22,71,100,12.64,PF,1618590611
11,Buala,-8.145,159.5921,79.59,84,76,3.47,SB,1618590611
12,Hermanus,-34.4187,19.2345,66.99,61,0,4.0,ZA,1618590611
13,Hithadhoo,-0.6,73.0833,83.08,61,16,5.66,MV,1618590612
14,Barrow,71.2906,-156.7887,-2.2,78,1,11.5,US,1618590612
15,Lebu,-37.6167,-73.65,59.85,67,52,12.24,CL,1618590612
16,Provideniya,64.3833,-173.3,25.02,99,98,7.02,RU,1618590613
17,East London,-33.0153,27.9116,60.8,67,20,8.05,ZA,1618590613
18,Cape Town,-33.9258,18.4232,69.8,56,0,6.91,ZA,1618590604
19,Fortuna,40.5982,-124.1573,41.0,100,75,4.21,US,1618590614
20,Dikson,73.5069,80.5464,-8.93,99,100,7.56,RU,1618590614
21,Bend,44.0582,-121.3153,50.0,40,1,8.05,US,1618590323
22,Dunedin,-45.8742,170.5036,48.0,75,30,18.99,NZ,1618590614
23,Hutchinson,38.0608,-97.9298,42.8,81,90,12.66,US,1618590360
24,Maralal,1.0968,36.698,67.77,58,99,14.32,KE,1618590615
25,Pevek,69.7008,170.3133,20.07,95,100,9.71,RU,1618590615
26,Novobiryusinskiy,56.9578,97.7076,33.1,97,100,8.25,RU,1618590615
27,Lodja,-3.4833,23.4333,75.94,77,94,3.36,CD,1618590616
28,Olinda,-8.0089,-34.8553,77.0,78,75,12.66,BR,1618590616
29,Abatskiy,56.2875,70.4555,36.05,64,3,8.75,RU,1618590616
30,Vaini,-21.2,-175.2,69.8,83,20,5.75,TO,1618590617
31,Palmer,42.1584,-72.3287,34.0,100,90,10.36,US,1618590535
32,Manokwari,-0.8667,134.0833,78.17,77,100,3.4,ID,1618590617
33,Mataura,-46.1927,168.8643,42.01,94,67,3.0,NZ,1618590618
34,Tuktoyaktuk,69.4541,-133.0374,12.2,92,90,4.61,CA,1618590618
35,Port Elizabeth,-33.918,25.5701,62.6,63,0,10.36,ZA,1618590618
36,Qaanaaq,77.484,-69.3632,10.67,62,3,7.96,GL,1618590619
37,Punta Arenas,-53.15,-70.9167,48.2,61,40,36.82,CL,1618590399
38,Houma,29.5958,-90.7195,69.01,88,90,9.22,US,1618590324
39,Takoradze,4.8845,-1.7554,84.76,70,82,13.35,GH,1618590619
40,Kapaa,22.0752,-159.319,64.4,94,1,6.91,US,1618590620
41,Hasaki,35.7333,140.8333,57.2,77,75,4.61,JP,1618590620
42,Egvekinot,66.3167,-179.1667,24.13,99,100,7.54,RU,1618590620
43,Leningradskiy,69.3833,178.4167,21.96,81,97,9.44,RU,1618590553
44,Faanui,-16.4833,-151.75,81.16,75,14,9.95,PF,1618590621
45,Kahului,20.8947,-156.47,64.0,94,1,6.91,US,1618590621
46,Jiayuguan City,39.8167,98.3,45.55,19,0,7.65,CN,1618590376
47,Jardim,-21.4803,-56.1381,97.2,25,17,5.59,BR,1618590621
48,Bluff,-46.6,168.3333,42.01,94,92,3.0,NZ,1618590622
49,Yei,4.095,30.6779,76.82,55,93,3.36,SS,1618590622
50,Ponta do Sol,32.6667,-17.1,66.99,63,20,16.11,PT,1618590622
51,Gillette,44.2911,-105.5022,30.99,93,90,12.66,US,1618590623
52,Lima Duarte,-21.8425,-43.7931,71.6,49,40,6.91,BR,1618590623
53,Charlestown,-32.95,151.6667,66.0,74,100,6.98,AU,1618590363
54,Evanston,42.0411,-87.6901,50.0,66,40,4.61,US,1618590408
55,Khatanga,71.9667,102.5,6.28,95,100,10.96,RU,1618590623
56,Agadez,19.75,10.25,95.88,5,2,11.14,NE,1618590624
57,Jamestown,42.097,-79.2353,37.99,93,90,12.66,US,1618590624
58,Huarmey,-10.0681,-78.1522,73.45,73,29,10.98,PE,1618590624
59,Busselton,-33.65,115.3333,55.99,92,27,1.01,AU,1618590625
60,Novopokrovka,49.8425,36.5477,46.4,81,75,13.42,UA,1618590625
61,Chokwé,-24.5333,32.9833,69.96,64,100,15.21,MZ,1618590625
62,Hamilton,39.1834,-84.5333,55.99,50,75,8.05,US,1618590626
63,Auki,-8.7676,160.7034,77.23,88,46,4.21,SB,1618590626
64,Shahreza,32.0339,51.8794,67.41,11,0,4.79,IR,1618590369
65,Antalaha,-14.9003,50.2788,77.5,84,56,1.48,MG,1618590626
66,Rundu,-17.9333,19.7667,71.08,32,2,3.87,NA,1618590627
67,Coari,-4.085,-63.1414,86.09,63,98,2.73,BR,1618590627
68,Tevriz,57.509,72.4042,27.52,72,26,5.64,RU,1618590627
69,Comodoro Rivadavia,-45.8667,-67.5,69.8,30,40,23.02,AR,1618590627
70,Gelemso,8.8167,40.5167,70.41,47,74,6.53,ET,1618590628
71,Alice Springs,-23.7,133.8833,61.0,62,0,6.91,AU,1618590628
72,Kailua,21.4022,-157.7394,66.2,88,1,3.44,US,1618590553
73,Visby,57.6409,18.296,45.0,56,0,23.02,SE,1618590628
74,Iquitos,-3.7481,-73.2472,87.8,66,75,5.75,PE,1618590499
75,Thompson,55.7435,-97.8558,42.8,26,75,4.61,CA,1618590346
76,Soyo,-6.1349,12.3689,86.0,74,20,6.91,AO,1618590629
77,Avarua,-21.2078,-159.775,75.2,88,8,3.44,CK,1618590629
78,Obihiro,42.9172,143.2044,45.21,83,100,4.94,JP,1618590629
79,Saint-Philippe,-21.3585,55.7679,78.8,78,0,3.44,RE,1618590630
80,Hilo,19.7297,-155.09,64.4,72,1,5.75,US,1618590605
81,Bredasdorp,-34.5322,20.0403,62.6,67,0,20.71,ZA,1618590630
82,Bambous Virieux,-20.3428,57.7575,80.01,94,40,2.3,MU,1618590630
83,Chontalpa,17.7,-93.5167,97.57,28,4,10.94,MX,1618590631
84,Cap Malheureux,-19.9842,57.6142,80.01,84,96,11.05,MU,1618590631
85,Bellevue,47.6104,-122.2007,61.0,50,1,3.51,US,1618590631
86,Sibolga,1.7427,98.7792,77.56,86,86,2.35,ID,1618590632
87,Hobart,-42.8794,147.3294,52.0,58,40,13.8,AU,1618590522
88,Geraldton,-28.7667,114.6,64.4,52,76,6.91,AU,1618590632
89,Kempsey,-31.0833,152.8333,62.01,96,99,3.0,AU,1618590632
90,Ahipara,-35.1667,173.1667,61.66,79,18,11.48,NZ,1618590633
91,Tasiilaq,65.6145,-37.6368,28.4,93,75,34.52,GL,1618590633
92,Atuona,-9.8,-139.0333,80.56,72,88,19.24,PF,1618590633
93,Castro,-24.7911,-50.0119,75.94,45,64,3.87,BR,1618590634
94,Longyearbyen,78.2186,15.6401,19.4,58,75,14.97,SJ,1618590634
95,Billings Metropolitan Area,45.7833,-108.5007,36.0,80,90,4.61,US,1618590613
96,Saint Paul Harbor,57.79,-152.4072,37.4,87,90,8.05,US,1618590634
97,Northam,51.0333,-4.2167,52.0,57,86,7.0,GB,1618590635
98,Zhigansk,66.7697,123.3711,28.83,96,100,29.48,RU,1618590635
99,Limulunga,-15.0969,23.1376,72.48,46,9,5.14,ZM,1618590635
100,Karlskrona,56.1616,15.5866,48.2,37,0,19.57,SE,1618590636
101,Arraial do Cabo,-22.9661,-42.0278,82.4,50,40,16.11,BR,1618590636
102,Karachi,24.9056,67.0822,82.4,74,3,12.66,PK,1618590360
103,Inongo,-1.95,18.2667,78.51,74,52,4.56,CD,1618590636
104,Portland,45.5234,-122.6762,61.0,54,1,3.27,US,1618590359
105,Rome,43.2128,-75.4557,44.6,70,90,4.54,US,1618590637
106,Bathsheba,13.2167,-59.5167,86.0,51,40,17.27,BB,1618590637
107,Saint-Joseph,-21.3667,55.6167,78.8,78,0,3.44,RE,1618590637
108,Butaritari,3.0707,172.7902,81.19,74,99,6.04,KI,1618590638
109,Inhambane,-23.865,35.3833,75.2,64,75,18.41,MZ,1618590638
110,Ihosy,-22.4,46.1167,69.82,48,61,12.37,MG,1618590638
111,Hong Kong,22.2855,114.1577,75.0,85,21,7.29,HK,1618590639
112,The Valley,18.217,-63.0578,84.2,83,75,10.36,AI,1618590372
113,Paraipaba,-3.4394,-39.1483,84.0,70,92,24.0,BR,1618590639
114,Chimoré,-16.9833,-65.1333,84.07,70,20,3.04,BO,1618590639
115,Diplo,24.4667,69.584,81.88,69,1,15.43,PK,1618590640
116,Sobolevo,54.4299,31.8996,49.48,81,77,8.32,RU,1618590640
117,New Norfolk,-42.7826,147.0587,53.01,70,100,5.99,AU,1618590640
118,Codrington,-38.2667,141.9667,52.3,67,68,5.61,AU,1618590640
119,Qeshm,26.9581,56.2719,82.4,65,100,6.91,IR,1618590641
120,Vila Franca do Campo,37.7167,-25.4333,64.4,82,20,10.36,PT,1618590641
121,Port Alfred,-33.5906,26.891,63.72,59,1,14.97,ZA,1618590642
122,Norman Wells,65.282,-126.8329,32.0,74,20,2.3,CA,1618590642
123,Cidreira,-30.1811,-50.2056,76.33,60,86,6.8,BR,1618590642
124,Emerald,-23.5333,148.1667,68.0,83,0,6.91,AU,1618590642
125,Hualmay,-11.0964,-77.6139,73.04,71,27,9.69,PE,1618590643
126,College,64.8569,-147.8028,32.0,86,20,0.47,US,1618590643
127,Clyde River,70.4692,-68.5914,12.2,85,1,42.57,CA,1618590643
128,Gmina Jędrzejów,50.6394,20.3045,41.0,99,100,5.99,PL,1618590478
129,Guerrero Negro,27.9769,-114.0611,62.04,66,87,16.51,MX,1618590377
130,Richards Bay,-28.783,32.0377,68.05,54,98,14.67,ZA,1618590644
131,Sitka,57.0531,-135.33,39.2,100,20,0.76,US,1618590644
132,Nanortalik,60.1432,-45.2371,22.06,51,36,47.45,GL,1618590645
133,Warri,5.5167,5.75,81.55,79,85,8.39,NG,1618590645
134,Shebunino,46.4339,141.8603,40.93,74,100,8.34,RU,1618590645
135,Dingle,10.9995,122.6711,76.91,85,72,4.61,PH,1618590645
136,Batagay,67.6333,134.6333,9.12,90,59,7.34,RU,1618590646
137,George Town,5.4112,100.3354,84.2,79,20,5.75,MY,1618590646
138,Chui,-33.6971,-53.4616,74.03,72,47,2.62,UY,1618590646
139,Armidale,-30.5167,151.65,52.0,84,100,1.01,AU,1618590647
140,Jalu,29.0331,21.5482,93.22,9,48,8.84,LY,1618590647
141,Cauquenes,-35.9671,-72.3225,75.04,35,65,4.74,CL,1618590647
142,Constitución,-35.3333,-72.4167,66.07,61,70,9.22,CL,1618590648
143,Terrace,54.5163,-128.6035,42.8,75,1,5.75,CA,1618590648
144,Fécamp,49.7579,0.3746,50.0,53,0,14.97,FR,1618590648
145,Pacific Grove,36.6177,-121.9166,54.0,71,90,4.99,US,1618590503
146,Venice,27.0998,-82.4543,80.01,73,1,9.22,US,1618590649
147,Lingao,19.9103,109.6859,75.97,88,82,7.45,CN,1618590649
148,Port Lincoln,-34.7333,135.8667,57.58,75,14,6.08,AU,1618590649
149,Gonaïves,19.45,-72.6833,87.21,47,25,7.87,HT,1618590650
150,Canutama,-6.5339,-64.3831,81.81,86,96,3.04,BR,1618590650
151,Jambi City,-1.6,103.6167,73.81,97,95,0.43,ID,1618590650
152,Bubaque,11.2833,-15.8333,77.81,72,3,17.2,GW,1618590651
153,Teya,60.3778,92.6267,10.92,89,100,7.94,RU,1618590651
154,Nadym,65.5333,72.5167,21.96,88,100,22.86,RU,1618590651
155,Ankola,14.6667,74.3,81.91,76,5,6.8,IN,1618590651
156,Boksitogorsk,59.474,33.8485,50.0,31,59,3.0,RU,1618590652
157,Russell,32.3502,-85.1999,57.2,62,20,1.99,US,1618590652
158,Craig,40.5153,-107.5464,30.2,80,90,8.05,US,1618590652
159,Mogadishu,2.0371,45.3438,83.19,73,74,15.14,SO,1618590653
160,Pokhara,28.2333,83.9833,72.18,23,73,6.89,NP,1618590653
161,Pueblo Nuevo,23.3833,-105.3833,74.88,10,0,7.36,MX,1618590653
162,Miraflores,19.2167,-98.8083,73.4,27,1,5.75,MX,1618590653
163,Berdigestyakh,62.0989,126.6992,29.91,93,100,14.41,RU,1618590654
164,Pisco,-13.7,-76.2167,73.4,73,32,9.22,PE,1618590654
165,Grakhovo,56.0502,51.9676,48.2,43,0,15.66,RU,1618590654
166,Kaitangata,-46.2817,169.8464,45.0,80,39,3.0,NZ,1618590655
167,Bariloche,-41.1456,-71.3082,55.4,38,0,12.66,AR,1618590655
168,Lüderitz,-26.6481,15.1594,82.35,31,99,13.6,NA,1618590655
169,Flinders,-34.5833,150.8552,55.99,78,95,1.01,AU,1618590656
170,Naze,28.3667,129.4833,67.12,86,99,13.35,JP,1618590551
171,Mar del Plata,-38.0023,-57.5575,66.2,82,75,3.44,AR,1618590552
172,Severobaykal'sk,55.65,109.3167,27.05,95,98,1.3,RU,1618590656
173,Tazovsky,67.4667,78.7,6.1,96,100,6.22,RU,1618590656
174,Vao,-22.6667,167.4833,74.16,82,100,16.91,NC,1618590657
175,Lavrentiya,65.5833,-171.0,31.66,95,100,16.22,RU,1618590657
176,Souillac,-20.5167,57.5167,77.0,94,40,2.3,MU,1618590657
177,Vanino,49.0869,140.2543,33.67,87,100,4.38,RU,1618590658
178,Pāveh,35.0434,46.3565,52.83,49,71,4.12,IR,1618590658
179,Maxixe,-23.8597,35.3472,75.2,64,75,18.41,MZ,1618590658
180,Nikolskoye,59.7035,30.7861,51.8,25,0,15.66,RU,1618590659
181,Carnarvon,-24.8667,113.6333,77.29,37,1,11.32,AU,1618590659
182,Talagang,32.9297,72.4158,62.62,76,100,8.66,PK,1618590659
183,Hofn,64.2539,-15.2082,46.4,76,75,17.27,IS,1618590660
184,Shimoda,34.6667,138.95,51.01,92,100,7.81,JP,1618590660
185,Karnāl,29.6833,76.9833,81.37,33,100,11.7,IN,1618590660
186,Mahina,-17.5065,-149.489,77.0,78,20,2.3,PF,1618590661
187,Ancud,-41.8697,-73.8203,60.8,77,40,10.36,CL,1618590661
188,Yellowknife,62.456,-114.3525,37.4,60,20,7.38,CA,1618590661
189,Ust'-Ordynskiy,52.805,104.7508,37.4,38,0,11.18,RU,1618590662
190,Serebryanyy Bor,56.8,124.8,16.11,83,71,6.96,RU,1618590662
191,Krasnoarmeysk,51.0239,45.6969,58.44,47,87,3.76,RU,1618590662
192,Hobyo,5.3505,48.5268,83.25,67,7,16.31,SO,1618590663
193,Rio Grande,-32.035,-52.0986,78.8,69,20,4.61,BR,1618590663
194,Tobol,52.6844,62.5794,50.56,85,41,15.32,KZ,1618590663
195,Mehamn,71.0357,27.8492,37.4,87,90,12.66,NO,1618590663
196,Nome,64.5011,-165.4064,21.2,86,90,11.5,US,1618590664
197,Maceió,-9.6658,-35.7353,86.0,62,75,9.22,BR,1618590664
198,Khani,41.9563,42.9566,68.0,45,0,1.14,GE,1618590664
199,Abu Samrah,35.3029,37.1841,72.64,31,98,6.93,SY,1618590665
200,Khingansk,49.1167,131.1833,34.57,90,97,8.43,RU,1618590665
201,Dehlorān,32.6941,47.2679,80.96,17,56,10.25,IR,1618590665
202,Grand Gaube,-20.0064,57.6608,80.01,84,95,11.05,MU,1618590666
203,Port Macquarie,-31.4333,152.9167,63.0,87,100,5.95,AU,1618590666
204,Piteå,65.3172,21.4794,44.6,57,0,4.61,SE,1618590666
205,Visnes,59.3556,5.2242,50.0,53,0,6.91,NO,1618590667
206,Klaksvík,62.2266,-6.589,44.6,100,75,20.71,FO,1618590667
207,Bekhtery,46.251,32.2927,48.2,66,0,13.42,UA,1618590667
208,Labuhan,-6.8844,112.2051,77.68,85,9,6.69,ID,1618590667
209,Puerto Ayora,-0.7393,-90.3518,79.0,89,75,10.36,EC,1618590668
210,Gijang,35.2442,129.2139,59.0,88,0,1.14,KR,1618590668
211,Ribeira Grande,38.5167,-28.7,62.6,100,75,14.97,PT,1618590668
212,Makakilo City,21.3469,-158.0858,66.2,82,1,3.44,US,1618590669
213,Doctor Arroyo,23.6667,-100.1833,83.23,7,4,12.39,MX,1618590669
214,Tralee,52.2704,-9.7026,47.88,78,100,6.76,IE,1618590669
215,Alugan,12.2188,125.4808,79.47,85,88,9.71,PH,1618590670
216,Camacha,33.0833,-16.3333,68.0,52,40,14.97,PT,1618590670
217,Isla Mujeres,21.2311,-86.731,86.0,62,75,18.41,MX,1618590604
218,Amahai,-3.3333,128.9167,77.07,82,46,2.8,ID,1618590670
219,Woodward,36.4337,-99.3904,46.4,100,90,10.36,US,1618590671
220,Gorom-Gorom,14.4439,-0.2361,105.94,5,67,9.17,BF,1618590671
221,Westport,41.1415,-73.3579,48.0,66,90,13.8,US,1618590374
222,Cabo San Lucas,22.8909,-109.9124,84.99,34,1,4.61,MX,1618590671
223,Upernavik,72.7868,-56.1549,-4.27,89,56,9.06,GL,1618590671
224,Vernon,50.2581,-119.2691,53.01,40,1,2.3,CA,1618590415
225,Airai,-8.9266,125.4092,57.07,89,25,2.91,TL,1618590672
226,Gannan,47.9147,123.5031,36.9,70,99,18.25,CN,1618590672
227,Tucuruí,-3.7661,-49.6725,86.74,65,88,4.21,BR,1618590673
228,Mlonggo,-6.5333,110.7,78.1,81,34,2.98,ID,1618590673
229,Esperance,-33.8667,121.9,55.4,82,100,5.75,AU,1618590673
230,Dudinka,69.4058,86.1778,-11.88,98,100,8.97,RU,1618590673
231,Mayo,38.8876,-76.5119,54.0,47,90,13.8,US,1618590674
232,Oranjestad,12.524,-70.027,87.8,66,75,24.16,AW,1618590515
233,Praia,14.9215,-23.5087,77.0,57,40,26.46,CV,1618590674
234,Inuvik,68.3499,-133.7218,21.2,68,90,1.14,CA,1618590675
235,Kutum,14.2,24.6667,78.91,6,4,10.83,SD,1618590675
236,Leh,34.1667,77.5833,38.53,61,100,2.01,IN,1618590579
237,Mehrān,33.1222,46.1646,64.4,24,0,9.22,IR,1618590675
238,Broome,42.2506,-75.833,39.99,100,90,8.05,US,1618590676
239,Sola,-13.8833,167.55,83.12,65,52,15.64,VU,1618590676
240,Biharamulo,-2.6319,31.3089,63.07,94,83,5.82,TZ,1618590676
241,Newport,51.5877,-2.9984,54.0,53,54,1.99,GB,1618590677
242,Rørvik,64.8621,11.2373,50.0,50,20,6.91,NO,1618590677
243,Tiksi,71.6872,128.8694,-8.75,100,99,4.16,RU,1618590677
244,Seoul,37.5683,126.9778,42.8,81,0,1.14,KR,1618590458
245,Port Blair,11.6667,92.75,80.69,77,79,10.13,IN,1618590678
246,Pitimbu,-7.4706,-34.8086,82.4,94,75,11.5,BR,1618590590
247,San Rafael,-34.6177,-68.3301,78.84,37,50,7.76,AR,1618590638
248,Bhatkal,13.9667,74.5667,82.72,77,5,6.55,IN,1618590678
249,Sarkand,45.41,79.9186,57.42,56,98,6.8,KZ,1618590678
250,Qandala,11.472,49.8728,82.81,62,12,3.76,SO,1618590679
251,Naftalan,40.5067,46.825,73.4,55,40,11.5,AZ,1618590679
252,Aswān,24.0934,32.907,88.41,8,0,9.06,EG,1618590679
253,Qaqortoq,60.7167,-46.0333,24.8,28,20,35.68,GL,1618590679
254,Chimbote,-9.0853,-78.5783,72.59,72,87,9.69,PE,1618590680
255,Tokur,53.1333,132.9,20.5,98,98,2.57,RU,1618590680
256,Kruisfontein,-34.0033,24.7314,63.0,58,25,5.01,ZA,1618590681
257,Laguna,38.421,-121.4238,57.99,71,1,3.44,US,1618590681
258,Tateyama,34.9833,139.8667,57.0,80,96,12.73,JP,1618590681
259,Kimbe,-5.5502,150.1429,76.5,92,100,1.68,PG,1618590682
260,Olafsvik,64.8945,-23.7142,37.96,66,78,33.93,IS,1618590682
261,Cherskiy,68.75,161.3,-0.15,99,99,5.66,RU,1618590682
262,Itiruçu,-13.5317,-40.1503,75.96,50,69,7.63,BR,1618590682
263,Kerrobert,51.9168,-109.1348,50.0,32,1,6.04,CA,1618590683
264,Thinadhoo,0.5333,72.9333,82.9,66,12,4.9,MV,1618590683
265,Petropavlovsk-Kamchatskiy,53.0452,158.6483,30.2,47,2,13.42,RU,1618590677
266,Sumbe,-11.2061,13.8437,82.4,76,75,4.61,AO,1618590683
267,Banda Aceh,5.5577,95.3222,80.58,77,89,11.65,ID,1618590684
268,Storforshei,66.4043,14.5233,48.2,49,20,4.61,NO,1618590684
269,Meulaboh,4.1363,96.1285,77.72,86,95,4.12,ID,1618590684
270,Shache,38.4167,77.2406,63.61,27,100,4.56,CN,1618590685
271,Senneterre,48.3835,-77.2328,42.8,87,75,6.91,CA,1618590685
272,Saskylakh,71.9167,114.0833,13.71,94,100,15.5,RU,1618590685
273,Milton,34.1322,-84.3007,64.0,42,97,1.99,US,1618590686
274,Lata,40.1629,-8.3327,75.0,49,68,6.69,PT,1618590686
275,Minsk,53.9,27.5667,50.0,81,40,11.18,BY,1618590469
276,Mahébourg,-20.4081,57.7,77.0,94,40,2.3,MU,1618590686
277,Maltahöhe,-24.8333,16.9833,70.84,31,76,3.2,NA,1618590687
278,Tsimmerbude,54.675,20.1347,48.0,81,40,6.71,RU,1618590542
279,Boffa,10.1667,-14.0333,87.67,49,14,14.5,GN,1618590687
280,Paamiut,61.994,-49.6678,17.58,55,55,30.33,GL,1618590687
281,Lompoc,34.6391,-120.4579,53.01,76,52,8.39,US,1618590687
282,Severo-Kuril'sk,50.6789,156.125,31.23,80,28,13.49,RU,1618590688
283,Noumea,-22.2763,166.4572,75.0,94,90,2.3,NC,1618590604
284,Ugoofaaru,5.6667,73.0,84.52,69,100,4.21,MV,1618590688
285,Taoudenni,22.6783,-3.9836,94.69,11,98,14.72,ML,1618590688
286,Dali,25.7,100.1833,61.25,41,100,5.06,CN,1618590689
287,Haines Junction,60.7522,-137.5108,33.8,69,99,1.14,CA,1618590689
288,Porto Murtinho,-21.6989,-57.8825,100.49,24,0,4.61,BR,1618590689
289,Mulanje,-16.0316,35.5,67.96,83,66,8.57,MW,1618590690
290,Namatanai,-3.6667,152.4333,78.03,85,100,4.94,PG,1618590690
291,Jejūri,18.2833,74.1667,81.82,37,1,10.85,IN,1618590690
292,Nālūt,30.3333,10.85,89.38,8,2,24.05,LY,1618590690
293,Halifax,44.6453,-63.5724,44.01,65,75,23.02,CA,1618590691
294,Moengo,5.6167,-54.4,86.77,53,100,6.24,SR,1618590691
295,Vallenar,-28.5708,-70.7581,78.42,41,0,6.8,CL,1618590691
296,Ust-Kuyga,70.0167,135.6,-6.54,99,91,2.51,RU,1618590692
297,Pimentel,-6.8367,-79.9342,77.0,61,0,16.11,PE,1618590692
298,Tambura,5.6,27.4667,84.29,28,60,1.39,SS,1618590692
299,Beloha,-25.1667,45.05,70.5,80,28,15.59,MG,1618590693
300,Arlit,18.7369,7.3853,100.09,4,26,0.78,NE,1618590693
301,Qui Nhon,13.7667,109.2333,75.74,85,17,3.29,VN,1618590693
302,Siniscola,40.5719,9.6922,53.6,87,75,3.44,IT,1618590694
303,Coquimbo,-29.9533,-71.3436,60.8,77,90,4.61,CL,1618590451
304,Itarema,-2.9248,-39.9167,84.04,71,88,14.25,BR,1618590694
305,Srednekolymsk,67.45,153.6833,-5.98,100,86,7.36,RU,1618590694
306,Opuwo,-18.0607,13.84,77.02,35,67,7.23,NA,1618590695
307,Broken Hill,-31.95,141.4333,53.6,54,25,10.36,AU,1618590485
308,Morbegno,46.1383,9.57,50.0,72,99,3.74,IT,1618590695
309,Narsaq,60.9167,-46.05,24.8,28,20,35.68,GL,1618590695
310,Vilhena,-12.7406,-60.1458,77.99,78,97,1.19,BR,1618590695
311,Aripuanã,-9.1667,-60.6333,85.53,75,75,3.51,BR,1618590696
312,Mīnāb,27.1467,57.0801,82.4,65,88,6.91,IR,1618590696
313,Nenagh,52.8619,-8.1967,51.8,54,75,17.27,IE,1618590696
314,Kasongo-Lunda,-6.4667,16.8167,76.1,84,88,1.81,CD,1618590697
315,Vestmannaeyjar,63.4427,-20.2734,42.8,65,75,21.85,IS,1618590697
316,Kalianget,-7.05,113.9333,80.91,73,52,6.55,ID,1618590698
317,Matagami,49.7502,-77.6328,39.2,75,20,10.36,CA,1618590698
318,Rizhao,35.4275,119.4553,50.23,49,39,10.27,CN,1618590698
319,Lackawanna,42.8256,-78.8234,43.0,75,90,9.22,US,1618590698
320,Campina Grande do Sul,-25.3056,-49.0553,75.99,63,64,2.26,BR,1618590699
321,Aklavik,68.2191,-135.0107,17.6,73,40,3.44,CA,1618590699
322,Inyonga,-6.7167,32.0667,64.27,94,76,2.53,TZ,1618590699
323,Cockburn Town,21.4612,-71.1419,78.8,61,40,5.75,TC,1618590700
324,Ballina,-28.8667,153.5667,64.4,77,90,6.91,AU,1618590700
325,Asău,46.4333,26.4,45.0,38,64,7.83,RO,1618590700
326,Bousso,10.4795,16.7117,98.46,6,59,5.14,TD,1618590701
327,Havre-St-Pierre,50.2334,-63.5986,35.6,64,90,10.36,CA,1618590701
328,Mishelevka,52.8575,103.1719,38.98,65,55,3.98,RU,1618590701
329,Great Bend,38.3645,-98.7648,37.99,93,90,16.11,US,1618590702
330,Bethel,41.3712,-73.414,45.0,70,90,6.91,US,1618590584
331,Mandera,3.9366,41.867,87.21,50,68,14.45,KE,1618590702
332,Pangnirtung,66.1451,-65.7125,1.4,71,20,11.5,CA,1618590702
333,Assiniboia,49.6334,-105.9845,37.4,70,77,5.75,CA,1618590663
334,Pringsewu,-5.3582,104.9744,73.36,96,81,3.47,ID,1618590703
335,Wad Rāwah,15.1603,33.1397,93.6,6,22,9.73,SD,1618590703
336,Hervey Bay,-25.2986,152.8535,66.99,86,1,1.01,AU,1618590703
337,Jalalabad,34.4265,70.4515,65.05,71,100,1.36,AF,1618590704
338,Sørland,67.667,12.6934,44.6,87,20,13.8,NO,1618590704
339,Along,28.1667,94.7667,66.25,83,96,2.8,IN,1618590704
340,Sur,22.5667,59.5289,84.49,54,24,2.28,OM,1618590704
341,Bouna,9.2667,-3.0,91.2,38,93,7.09,CI,1618590705
342,Yulara,-25.2406,130.9889,57.2,58,0,8.05,AU,1618590705
343,Mumford,5.2618,-0.759,84.11,74,100,14.18,GH,1618590705
344,Ambilobe,-13.2,49.05,76.19,90,94,1.36,MG,1618590706
345,Key West,24.5557,-81.7826,82.0,69,1,6.91,US,1618590503
346,Karpathos,35.507,27.2132,64.4,82,20,11.5,GR,1618590706
347,Kenai,60.5544,-151.2583,34.0,93,1,3.44,US,1618590706
348,Tuban,-6.8976,112.0649,77.86,84,10,6.31,ID,1618590707
349,Wum,6.3833,10.0667,67.5,92,100,1.3,CM,1618590707
350,Nara,34.6851,135.8049,57.99,54,100,9.33,JP,1618590708
351,Yerbogachën,61.2767,108.0108,18.07,79,58,10.49,RU,1618590708
352,Panlaitan,12.1191,119.8486,82.4,77,82,8.95,PH,1618590708
353,Kavieng,-2.5744,150.7967,80.89,79,100,9.71,PG,1618590708
354,Vostok,46.4856,135.8833,29.21,89,56,5.35,RU,1618590709
355,Shwebo,22.5667,95.7,84.47,45,99,6.24,MM,1618590709
356,Yuxia,34.0615,108.6291,60.8,18,0,11.18,CN,1618590709
357,Atikokan,48.7555,-91.6216,45.59,41,89,6.29,CA,1618590710
358,Raton,36.9034,-104.4391,37.4,52,40,26.46,US,1618590710
359,Iwanai,42.9744,140.5089,45.27,91,92,8.25,JP,1618590710
360,Ulaanbaatar,47.9077,106.8832,24.8,68,0,2.24,MN,1618590711
361,Lakatoro,-16.0999,167.4164,78.64,82,30,5.82,VU,1618590711
362,Gamba,-2.65,10.0,81.54,79,94,6.13,GA,1618590711
363,Muisne,0.6,-80.0333,80.6,89,75,5.75,EC,1618590712
364,Yatou,37.15,122.3833,45.23,71,79,11.36,CN,1618590712
365,La Ronge,55.1001,-105.2842,46.4,39,65,3.44,CA,1618590712
366,Marzuq,14.4,46.4667,72.1,56,19,7.81,YE,1618590713
367,Ust-Tsilma,65.441,52.1498,34.5,83,99,11.16,RU,1618590713
368,Natal,-5.795,-35.2094,87.8,62,75,16.11,BR,1618590713
369,Hay River,60.8156,-115.7999,35.6,64,100,2.3,CA,1618590713
370,Bairiki Village,1.3292,172.9752,80.6,83,20,4.61,KI,1618590714
371,Nelson Bay,-32.7167,152.15,64.99,63,75,10.36,AU,1618590714
372,Saint-Paul,-21.0096,55.2707,77.0,88,75,5.75,RE,1618590662
373,São João da Barra,-21.6403,-41.0511,82.4,47,75,6.91,BR,1618590715
374,La Palma,33.8464,-118.0467,63.0,77,20,1.92,US,1618590418
375,Saint Anthony,45.0205,-93.218,54.0,40,1,8.05,US,1618590715
376,Macao,22.2006,113.5461,75.2,83,40,9.22,MO,1618590715
377,Medicine Hat,50.0501,-110.6683,51.01,43,20,8.05,CA,1618590716
378,Moussoro,13.6408,16.4901,96.1,3,4,10.69,TD,1618590716
379,Markova,48.6758,24.4138,44.6,61,75,13.42,UA,1618590716
380,Birao,10.2849,22.7882,90.28,6,2,5.88,CF,1618590717
381,Chicama,-7.8447,-79.1469,68.0,83,85,12.66,PE,1618590717
382,Savinka,50.0785,47.0994,61.57,47,92,7.38,RU,1618590717
383,Pangai,-19.8,-174.35,76.77,70,11,13.82,TO,1618590718
384,Hornepayne,49.2138,-84.7705,33.21,76,100,8.3,CA,1618590718
385,Bud,39.447,-86.1758,54.0,54,75,5.75,US,1618590718
386,Guiyang,26.5833,106.7167,55.4,94,90,4.47,CN,1618590719
387,Mabaruma,8.2,-59.7833,86.0,74,75,9.22,GY,1618590719
388,Nizhnyaya Omka,55.4338,74.9426,35.35,86,48,12.77,RU,1618590719
389,São Filipe,14.8961,-24.4956,72.54,70,1,14.36,CV,1618590719
390,Touros,-5.1989,-35.4608,87.8,62,40,13.8,BR,1618590720
391,Mormugao,15.4,73.8,86.0,74,40,8.05,IN,1618590720
392,Araouane,18.9048,-3.5265,101.23,7,100,8.39,ML,1618590720
393,Xingyi,24.1877,102.817,64.63,55,100,4.21,CN,1618590721
394,Saldanha,-33.0117,17.9442,82.4,30,9,9.22,ZA,1618590721
395,Caravelas,-17.7125,-39.2481,80.47,60,17,10.09,BR,1618590721
396,Jieshou,33.2634,115.3611,54.3,33,6,10.45,CN,1618590722
397,Kindia,10.0569,-12.8658,93.38,34,30,8.03,GN,1618590722
398,Tual,-5.6667,132.75,83.66,73,98,13.51,ID,1618590722
399,Pathein,16.7833,94.7333,75.02,78,100,2.84,MM,1618590722
400,Ketchikan,55.3422,-131.6461,44.6,81,1,6.91,US,1618590723
401,Mount Isa,-20.7333,139.5,71.6,30,0,23.02,AU,1618590723
402,Ol'ga,43.7444,135.2892,39.54,97,100,2.01,RU,1618590723
403,Albacete,38.8333,-2.0,50.0,76,40,19.57,ES,1618590724
404,Grindavik,63.8424,-22.4338,39.2,81,75,29.93,IS,1618590724
405,Pacifica,37.6138,-122.4869,53.6,66,75,6.91,US,1618590663
406,Morondava,-20.2833,44.2833,79.56,64,61,21.12,MG,1618590724
407,Hirara,24.8,125.2833,74.68,84,78,11.34,JP,1618590725
408,Lander,42.833,-108.7307,33.01,80,90,5.75,US,1618590725
409,Bria,6.5423,21.9863,90.36,21,97,2.39,CF,1618590725
410,Fairbanks,64.8378,-147.7164,32.0,86,1,0.51,US,1618590603
411,Kavaratti,10.5669,72.642,84.88,71,41,6.55,IN,1618590726
412,Porto Torres,40.835,8.3972,59.0,58,20,8.05,IT,1618590726
413,Muros,42.7762,-9.0603,70.0,31,73,4.0,ES,1618590726
414,Sablé-sur-Sarthe,47.8376,-0.3329,54.0,37,0,9.22,FR,1618590727
415,Vila Velha,-20.3297,-40.2925,81.0,65,20,13.8,BR,1618590727
416,Podgorica,42.4411,19.2636,57.2,33,0,2.3,ME,1618590608
417,Burnie,-41.0667,145.9167,51.01,73,86,5.01,AU,1618590727
418,Szentkirály,46.9189,19.9185,46.4,61,75,9.22,HU,1618590728
419,Saint-Pierre,-21.3393,55.4781,78.8,78,0,3.44,RE,1618590728
420,Freeport,40.6576,-73.5832,50.0,57,75,11.5,US,1618590728
421,Lorengau,-2.0226,147.2712,81.34,80,89,9.17,PG,1618590729
422,Chokurdakh,70.6333,147.9167,-11.07,100,99,7.74,RU,1618590729
423,Ortega,3.9361,-75.2217,83.1,70,100,2.89,CO,1618590729
424,Kumul,42.8,93.45,61.59,10,0,7.31,CN,1618590730
425,Huilong,31.8111,121.655,63.0,86,100,6.24,CN,1618590730
426,Dobrinka,52.1653,40.4731,57.67,55,41,3.42,RU,1618590730
427,Piaçabuçu,-10.4056,-36.4344,81.36,70,39,8.84,BR,1618590730
428,Tura,25.5198,90.2201,74.03,55,56,9.84,IN,1618590731
429,Liberal,37.0431,-100.921,35.6,100,90,21.85,US,1618590731
430,North Bend,43.4065,-124.2243,53.01,70,0,1.01,US,1618590544
431,Puerto Colombia,10.9878,-74.9547,89.6,62,40,9.22,CO,1618590731
432,Okha,53.5739,142.9478,26.96,92,100,6.4,RU,1618590732
433,Gilău,46.7324,23.3617,46.4,53,40,9.22,RO,1618590732
434,Lake Havasu City,34.4839,-114.3224,69.8,13,1,5.75,US,1618590492
435,Victor Harbor,-35.5667,138.6167,54.0,78,23,5.77,AU,1618590732
436,Sullia,12.5667,75.3833,84.2,84,40,0.89,IN,1618590733
437,Worland,44.0169,-107.9554,34.0,75,90,4.61,US,1618590733
438,Presidencia Roque Sáenz Peña,-26.7852,-60.4388,84.51,55,73,4.68,AR,1618590733
439,Bowen,-20.0167,148.2333,66.2,94,0,5.75,AU,1618590734
440,Adrar,20.5022,-10.0711,90.5,14,35,10.76,MR,1618590734
441,Avdeyevka,48.1399,37.7426,51.46,57,60,11.61,UA,1618590557
442,Najrān,17.4924,44.1277,82.4,21,75,11.5,SA,1618590734
443,Waipawa,-41.4122,175.5153,53.6,94,75,19.57,NZ,1618590735
444,Talnakh,69.4865,88.3972,-8.88,99,100,4.94,RU,1618590735
445,Gorin,51.1983,136.6669,27.23,96,99,3.33,RU,1618590735
446,Tartagal,-22.5164,-63.8013,84.2,65,40,1.99,AR,1618590736
447,Port Hedland,-20.3167,118.5667,78.8,53,1,5.75,AU,1618590736
448,Carutapera,-1.195,-46.02,81.03,86,99,7.45,BR,1618590736
449,Bulgan,48.8125,103.5347,26.51,76,2,4.72,MN,1618590736
450,Pichayevo,53.2363,42.2032,57.13,64,51,3.06,RU,1618590737
451,‘Ewa Beach,21.3156,-158.0072,66.2,82,1,3.44,US,1618590737
452,Sinnamary,5.3833,-52.95,82.71,67,95,12.08,GF,1618590738
453,Contai,21.7786,87.7536,82.24,78,0,17.85,IN,1618590738
454,Roald,62.5833,6.1333,48.2,46,0,5.75,NO,1618590738
455,Margate,51.3813,1.3862,48.0,56,4,5.01,GB,1618590738
456,Aksarka,66.5606,67.7975,14.86,83,43,12.5,RU,1618590739
457,Lālsot,26.5667,76.3333,80.6,47,75,11.5,IN,1618590739
458,Kisesa,-3.0833,34.15,66.15,87,98,7.25,TZ,1618590739
459,Vitina,43.2375,17.4839,60.8,21,0,14.97,BA,1618590740
460,Ipameri,-17.7219,-48.1597,84.29,40,14,4.45,BR,1618590740
461,Coração de Jesus,-16.6853,-44.365,82.4,39,75,4.61,BR,1618590740
462,San Quintín,30.4833,-115.95,62.31,68,82,12.82,MX,1618590741
463,Sun Prairie,43.1836,-89.2137,53.01,40,75,6.91,US,1618590741
464,Canberra,-35.2835,149.1281,46.99,92,48,1.95,AU,1618590603
465,Kalmunai,7.4167,81.8167,77.61,87,97,9.26,LK,1618590741
466,Xishan,27.6667,113.5,62.6,100,100,4.47,CN,1618590741
467,Evensk,61.95,159.2333,16.57,96,99,0.89,RU,1618590742
468,Doka,13.5167,35.7667,95.18,9,1,8.21,SD,1618590742
469,Puerto Lempira,15.2667,-83.7667,86.0,74,40,6.91,HN,1618590742
470,Mashhad,36.297,59.6062,69.8,35,75,6.91,IR,1618590743
471,Kununurra,-15.7667,128.7333,69.8,88,100,4.56,AU,1618590743
472,Torbay,47.6666,-52.7314,36.0,80,90,21.85,CA,1618590743
473,Urdoma,61.7533,48.5442,35.74,85,31,4.65,RU,1618590744
474,Lugo,43.0,-7.5,55.99,53,48,10.0,ES,1618590506
475,Hiriyūr,13.9456,76.6192,88.5,34,88,2.46,IN,1618590744
476,Ambon City,-3.6954,128.1814,80.49,78,74,4.54,ID,1618590744
477,Dhidhdhoo,6.8833,73.1,85.06,66,100,2.57,MV,1618590745
478,Hanyang,32.1371,105.5126,53.1,88,99,1.48,CN,1618590745
479,Cayenne,4.9333,-52.3333,87.8,62,75,16.11,GF,1618590630
480,Mossamedes,-15.1961,12.1522,81.95,70,0,9.42,AO,1618590745
481,Cabedelo,-6.9811,-34.8339,82.4,94,75,11.5,BR,1618590746
482,Traverse City,44.7631,-85.6206,37.4,93,75,11.5,US,1618590746
483,Terme,41.2092,36.9739,51.8,82,75,4.61,TR,1618590545
484,Paramonga,-10.6667,-77.8333,72.19,74,33,9.8,PE,1618590746
485,Maţāy,28.419,30.7792,86.05,11,0,12.15,EG,1618590747
486,Nuevo Progreso,23.1667,-97.95,88.0,58,16,5.99,MX,1618590747
487,Biak,-0.9131,122.8766,75.81,83,99,3.83,ID,1618590747
488,Trincomalee,8.5711,81.2335,77.52,88,91,13.94,LK,1618590748
489,Vanimo,-2.6741,141.3028,78.08,88,100,2.42,PG,1618590748
490,Saint George,37.1041,-113.5841,60.01,32,6,1.12,US,1618590748
491,Dicabisagan,17.0818,122.4157,77.4,80,100,2.95,PH,1618590749
492,Kudahuvadhoo,2.6708,72.8944,83.16,71,100,7.27,MV,1618590749
493,Camargo,27.6667,-105.1667,77.58,11,100,9.08,MX,1618590749
494,Saint-François,46.4154,3.9054,53.01,37,0,18.41,FR,1618590750
495,Haldwani,29.2167,79.5167,80.76,19,84,6.13,IN,1618590750
496,Campbellton,48.0075,-66.6727,37.4,87,100,24.16,CA,1618590750
497,Kiryat Gat,31.61,34.7642,73.0,37,0,1.01,IL,1618590750
498,Nabannagan West,18.0715,121.5338,72.93,89,52,0.89,PH,1618590751
499,Gualaquiza,-3.4,-78.55,74.93,74,96,3.36,EC,1618590751
500,Bengkulu,-3.8004,102.2655,75.56,89,71,3.58,ID,1618590751
501,Karnobat,42.65,26.9833,57.2,66,20,12.66,BG,1618590752
502,Cortez,37.3489,-108.5859,45.0,45,1,5.75,US,1618590752
503,Erzin,36.9559,36.2,71.01,54,66,4.63,TR,1618590752
504,Lékoni,-1.5843,14.2591,83.7,60,98,4.9,GA,1618590752
505,Zitlala,17.6333,-99.0833,79.86,12,15,3.65,MX,1618590753
506,Lahaina,20.8783,-156.6825,63.0,94,1,6.91,US,1618590753
507,Bima,-8.4667,118.7167,73.45,90,84,3.09,ID,1618590753
508,Yangambi,0.8102,24.4336,78.04,74,99,3.13,CD,1618590754
509,Middelburg,-25.7751,29.4648,57.81,81,56,17.94,ZA,1618590754
510,Bontang,0.1333,117.5,77.49,88,86,6.24,ID,1618590754
511,Half Moon Bay,37.4636,-122.4286,54.0,81,90,11.5,US,1618590480
512,Karratha,-20.7377,116.8463,82.58,45,0,8.75,AU,1618590755
513,Los Llanos de Aridane,28.6585,-17.9182,73.4,64,75,13.8,ES,1618590755
514,Karpogory,64.0019,44.4451,36.52,87,39,4.83,RU,1618590755
515,Srandakan,-7.9386,110.2506,77.27,88,48,4.0,ID,1618590756
516,Turan,16.0678,108.2208,80.6,78,20,5.75,VN,1618590756
517,Tonantins,-2.8731,-67.8022,79.11,89,89,3.85,BR,1618590505
518,Burgersdorp,-30.9977,26.3286,53.31,33,98,11.23,ZA,1618590756
519,Bonthe,7.5264,-12.505,85.93,64,54,13.29,SL,1618590757
520,Warrnambool,-38.3833,142.4833,53.01,78,79,9.06,AU,1618590757
521,Brzeg,50.8608,17.4674,44.01,93,75,11.5,PL,1618590757
522,Tautira,-17.7333,-149.15,77.0,78,20,2.3,PF,1618590758
523,Mount Gambier,-37.8333,140.7667,51.8,76,90,5.75,AU,1618590758
524,Sarany,58.5,58.8833,30.92,82,11,3.29,RU,1618590758
525,Volksrust,-27.3654,29.8818,47.12,86,62,5.01,ZA,1618590759
526,Gimli,50.6336,-96.9907,41.0,38,84,8.05,CA,1618590759
527,Thio,-21.6167,166.2167,69.8,94,90,2.3,NC,1618590759
528,Utete,-7.986,38.758,73.96,97,83,4.21,TZ,1618590759
529,Acapulco de Juárez,16.8634,-99.8901,82.4,65,20,4.61,MX,1618590471
530,Port Hardy,50.6996,-127.4199,48.2,76,1,3.44,CA,1618590608
531,Igarka,67.4667,86.5833,-14.04,99,92,8.37,RU,1618590760
532,Gazli,40.1333,63.45,70.29,20,41,8.19,UZ,1618590760
533,Vágur,61.4732,-6.8119,44.96,91,100,34.2,FO,1618590761
534,Wajima,37.4,136.9,54.84,83,100,5.75,JP,1618590761
535,Ostrovnoy,68.0531,39.5131,35.56,87,100,15.64,RU,1618590761
536,Mitsamiouli,-11.3847,43.2844,82.4,78,40,13.8,KM,1618590762
537,Isangel,-19.55,169.2667,78.19,86,59,4.56,VU,1618590762
538,Arinos,-15.9169,-46.1056,86.95,36,6,4.65,BR,1618590762
539,Aranos,-24.1333,19.1167,76.12,26,64,6.51,NA,1618590762
540,Zdvinsk,54.7021,78.661,33.69,91,100,12.26,RU,1618590763
541,Castelnau-le-Lez,43.6333,3.9,57.2,33,61,2.3,FR,1618590763
542,Oxapampa,-10.5775,-75.4017,70.05,70,72,4.21,PE,1618590763
543,Progreso,21.2833,-89.6667,91.99,51,75,6.91,MX,1618590764
544,Fort Saint James,54.4333,-124.25,39.99,96,100,1.3,CA,1618590764
545,Sarangani,5.4033,125.4636,83.55,77,100,18.92,PH,1618590764
546,Lázaro Cárdenas,17.9583,-102.2,84.43,47,30,7.29,MX,1618590765
547,Baishishan,43.5833,127.5667,39.87,49,88,8.55,CN,1618590765
548,Willmar,45.1219,-95.0433,48.2,66,40,5.75,US,1618590765
549,Coyhaique,-45.5752,-72.0662,59.0,47,40,10.36,CL,1618590766
550,Mbandaka,0.0487,18.2603,76.78,84,100,4.97,CD,1618590766
551,Kupang,-10.1667,123.5833,76.21,88,83,6.93,ID,1618590766
552,Moroni,-11.7022,43.2551,82.4,78,40,13.8,KM,1618590767
553,Staryy Nadym,65.6118,72.6842,21.87,88,100,22.17,RU,1618590767
